,Name,Link
0,Rory_Laird,players/R/Rory_Laird.html
1,Ben_Keays,players/B/Ben_Keays.html
2,Paul_Seedsman,players/P/Paul_Seedsman.html
3,Brodie_Smith,players/B/Brodie_Smith.html
4,Lachlan_Sholl,players/L/Lachlan_Sholl.html
5,Tom_Doedee,players/T/Tom_Doedee.html
6,Rory_Sloane,players/R/Rory_Sloane.html
7,Harry_Schoenberg,players/H/Harry_Schoenberg.html
8,Reilly_OBrien,players/R/Reilly_OBrien.html
9,Taylor_Walker,players/T/Taylor_Walker.html
10,Jake_Kelly,players/J/Jake_Kelly.html
11,James_Rowe,players/J/James_Rowe.html
12,Ned_McHenry,players/N/Ned_McHenry.html
13,Jordon_Butts,players/J/Jordon_Butts.html
14,David_Mackay,players/D/David_Mackay.html
15,Andrew_McPherson,players/A/Andrew_McPherson.html
16,Luke_Brown,players/L/Luke_Brown1.html
17,Will_Hamill,players/W/Will_Hamill1.html
18,Sam_Berry,players/S/Sam_Berry.html
19,Shane_McAdam,players/S/Shane_McAdam.html
20,Riley_Thilthorpe,players/R/Riley_Thilthorpe.html
21,Lachlan_Murphy,players/L/Lachlan_Murphy.html
22,Chayce_Jones,players/C/Chayce_Jones.html
23,Darcy_Fogarty,players/D/Darcy_Fogarty.html
24,Tom_Lynch,players/T/Tom_Lynch0.html
25,Billy_Frampton,players/B/Billy_Frampton.html
26,Nick_Murray,players/N/Nick_Murray.html
27,Jackson_Hately,players/J/Jackson_Hately.html
28,Elliott_Himmelberg,players/E/Elliott_Himmelberg.html
29,Ronin_OConnor,players/R/Ronin_OConnor.html
30,Mitch_Hinge,players/M/Mitch_Hinge.html
31,Josh_Worrell,players/J/Josh_Worrell.html
32,Jarryd_Lyons,players/J/Jarryd_Lyons.html
33,Daniel_Rich,players/D/Daniel_Rich.html
34,Hugh_McCluggage,players/H/Hugh_McCluggage.html
35,Dayne_Zorko,players/D/Dayne_Zorko.html
36,Mitch_Robinson,players/M/Mitch_Robinson.html
37,Zac_Bailey,players/Z/Zac_Bailey.html
38,Grant_Birchall,players/G/Grant_Birchall.html
39,Lachie_Neale,players/L/Lachie_Neale.html
40,Harris_Andrews,players/H/Harris_Andrews.html
41,Joe_Daniher,players/J/Joe_Daniher.html
42,Lincoln_McCarthy,players/L/Lincoln_McCarthy.html
43,Brandon_Starcevich,players/B/Brandon_Starcevich.html
44,Marcus_Adams,players/M/Marcus_Adams.html
45,Deven_Robertson,players/D/Deven_Robertson.html
46,Eric_Hipwood,players/E/Eric_Hipwood.html
47,Oscar_McInerney,players/O/Oscar_McInerney.html
48,Charlie_Cameron,players/C/Charlie_Cameron.html
49,Callum_Ah Chee,players/C/Callum_Ah_Chee.html
50,Rhys_Mathieson,players/R/Rhys_Mathieson.html
51,Jaxon_Prior,players/J/Jaxon_Prior.html
52,Ryan_Lester,players/R/Ryan_Lester.html
53,Daniel_McStay,players/D/Daniel_McStay.html
54,Keidean_Coleman,players/K/Keidean_Coleman.html
55,Darcy_Gardiner,players/D/Darcy_Gardiner.html
56,James_Madden,players/J/James_Madden.html
57,Jarrod_Berry,players/J/Jarrod_Berry.html
58,Tom_Fullarton,players/T/Tom_Fullarton.html
59,Jack_Payne,players/J/Jack_Payne.html
60,Tom_Berry,players/T/Tom_Berry.html
61,Harry_Sharp,players/H/Harry_Sharp.html
62,Connor_Ballenden,players/C/Connor_Ballenden.html
63,Sam_Walsh,players/S/Sam_Walsh.html
64,Patrick_Cripps,players/P/Patrick_Cripps.html
65,Sam_Docherty,players/S/Sam_Docherty.html
66,Ed_Curnow,players/E/Ed_Curnow.html
67,Adam_Saad,players/A/Adam_Saad.html
68,Jacob_Weitering,players/J/Jacob_Weitering.html
69,Zac_Williams,players/Z/Zac_Williams.html
70,Lachie_Fogarty,players/L/Lachie_Fogarty.html
71,Jack_Newnes,players/J/Jack_Newnes.html
72,Liam_Jones,players/L/Liam_Jones.html
73,Michael_Gibbons,players/M/Michael_Gibbons.html
74,Marc_Murphy,players/M/Marc_Murphy.html
75,Marc_Pittonet,players/M/Marc_Pittonet.html
76,Lachie_Plowman,players/L/Lachie_Plowman.html
77,Sam_Petrevski-Seton,players/S/Sam_Petrevski-Seton.html
78,Matthew_Cottrell,players/M/Matthew_Cottrell.html
79,Harry_McKay,players/H/Harry_McKay.html
80,Liam_Stocker,players/L/Liam_Stocker.html
81,Eddie_Betts,players/E/Eddie_Betts.html
82,Will_Setterfield,players/W/Will_Setterfield.html
83,Nic_Newman,players/N/Nic_Newman.html
84,Paddy_Dow,players/P/Paddy_Dow.html
85,Jack_Silvagni,players/J/Jack_Silvagni.html
86,Levi_Casboult,players/L/Levi_Casboult.html
87,Matthew_Owies,players/M/Matthew_Owies.html
88,Matthew_Kennedy,players/M/Matthew_Kennedy1.html
89,Zac_Fisher,players/Z/Zac_Fisher.html
90,Jack_Martin,players/J/Jack_Martin.html
91,David_Cuningham,players/D/David_Cuningham.html
92,Luke_Parks,players/L/Luke_Parks.html
93,Tom_De Koning,players/T/Tom_De_Koning.html
94,Mitch_McGovern,players/M/Mitch_McGovern.html
95,Tom_Williamson,players/T/Tom_Williamson.html
96,Oscar_McDonald,players/O/Oscar_McDonald.html
97,Lochie_OBrien,players/L/Lochie_OBrien.html
98,Josh_Honey,players/J/Josh_Honey.html
99,Jack_Crisp,players/J/Jack_Crisp.html
100,Scott_Pendlebury,players/S/Scott_Pendlebury.html
101,Steele_Sidebottom,players/S/Steele_Sidebottom.html
102,Brayden_Maynard,players/B/Brayden_Maynard.html
103,John_Noble,players/J/John_Noble.html
104,Josh_Daicos,players/J/Josh_Daicos.html
105,Isaac_Quaynor,players/I/Isaac_Quaynor.html
106,Brodie_Grundy,players/B/Brodie_Grundy.html
107,Chris_Mayne,players/C/Chris_Mayne.html
108,Darcy_Moore,players/D/Darcy_Moore.html
109,Will_Hoskin-Elliott,players/W/Will_Hoskin-Elliott.html
110,Jordan_de Goey,players/J/Jordan_de_Goey.html
111,Jordan_Roughead,players/J/Jordan_Roughead.html
112,Josh_Thomas,players/J/Josh_Thomas.html
113,Jack_Madgen,players/J/Jack_Madgen.html
114,Taylor_Adams,players/T/Taylor_Adams.html
115,Brody_Mihocek,players/B/Brody_Mihocek.html
116,Callum_Brown,players/C/Callum_Brown0.html
117,Darcy_Cameron,players/D/Darcy_Cameron.html
118,Caleb_Poulter,players/C/Caleb_Poulter.html
119,Tyler_Brown,players/T/Tyler_Brown.html
120,Brayden_Sier,players/B/Brayden_Sier.html
121,Jeremy_Howe,players/J/Jeremy_Howe.html
122,Nathan_Murphy,players/N/Nathan_Murphy.html
123,Beau_McCreery,players/B/Beau_McCreery.html
124,Jamie_Elliott,players/J/Jamie_Elliott1.html
125,Mark_Keane,players/M/Mark_Keane.html
126,Trent_Bianco,players/T/Trent_Bianco.html
127,Mason_Cox,players/M/Mason_Cox.html
128,Finlay_Macrae,players/F/Finlay_Macrae.html
129,Tom_Wilson,players/T/Tom_Wilson.html
130,Levi_Greenwood,players/L/Levi_Greenwood.html
131,Max_Lynch,players/M/Max_Lynch.html
132,Jay_Rantall,players/J/Jay_Rantall.html
133,Oliver_Henry,players/O/Oliver_Henry.html
134,Trey_Ruscoe,players/T/Trey_Ruscoe.html
135,Will_Kelly,players/W/Will_Kelly.html
136,Zach_Merrett,players/Z/Zach_Merrett.html
137,Darcy_Parish,players/D/Darcy_Parish.html
138,Nick_Hind,players/N/Nick_Hind.html
139,Kyle_Langford,players/K/Kyle_Langford.html
140,Dyson_Heppell,players/D/Dyson_Heppell.html
141,Jordan_Ridley,players/J/Jordan_Ridley.html
142,Andrew_McGrath,players/A/Andrew_McGrath.html
143,Mason_Redman,players/M/Mason_Redman.html
144,Jayden_Laverde,players/J/Jayden_Laverde.html
145,Brayden_Ham,players/B/Brayden_Ham.html
146,Will_Snelling,players/W/Will_Snelling.html
147,Nik_Cox,players/N/Nik_Cox.html
148,Cale_Hooker,players/C/Cale_Hooker.html
149,Anthony_McDonald-Tipungwuti,players/A/Anthony_McDonald-Tipungwuti.html
150,Archie_Perkins,players/A/Archie_Perkins.html
151,Devon_Smith,players/D/Devon_Smith.html
152,Jake_Stringer,players/J/Jake_Stringer.html
153,Matt_Guelfi,players/M/Matt_Guelfi.html
154,Peter_Wright,players/P/Peter_Wright.html
155,Aaron_Francis,players/A/Aaron_Francis.html
156,Harry_Jones,players/H/Harry_Jones2.html
157,James_Stewart,players/J/James_Stewart.html
158,David_Zaharakis,players/D/David_Zaharakis.html
159,Alec_Waterman,players/A/Alec_Waterman.html
160,Andrew_Phillips,players/A/Andrew_Phillips1.html
161,Brandon_Zerk-Thatcher,players/B/Brandon_Zerk-Thatcher.html
162,Sam_Draper,players/S/Sam_Draper.html
163,Dylan_Shiel,players/D/Dylan_Shiel.html
164,Jye_Caldwell,players/J/Jye_Caldwell.html
165,Tom_Cutler,players/T/Tom_Cutler.html
166,Ned_Cahill,players/N/Ned_Cahill.html
167,Martin_Gleeson,players/M/Martin_Gleeson.html
168,Nick_Bryan,players/N/Nick_Bryan.html
169,Zach_Reid,players/Z/Zach_Reid.html
170,Patrick_Ambrose,players/P/Patrick_Ambrose.html
171,David_Mundy,players/D/David_Mundy.html
172,Andrew_Brayshaw,players/A/Andrew_Brayshaw.html
173,Caleb_Serong,players/C/Caleb_Serong.html
174,Nat_Fyfe,players/N/Nat_Fyfe.html
175,James_Aish,players/J/James_Aish.html
176,Blake_Acres,players/B/Blake_Acres.html
177,Adam_Cerra,players/A/Adam_Cerra.html
178,Luke_Ryan,players/L/Luke_Ryan.html
179,Nathan_Wilson,players/N/Nathan_Wilson.html
180,Sean_Darcy,players/S/Sean_Darcy.html
181,Travis_Colyer,players/T/Travis_Colyer.html
182,Michael_Walters,players/M/Michael_Walters.html
183,Lachie_Schultz,players/L/Lachie_Schultz.html
184,Darcy_Tucker,players/D/Darcy_Tucker.html
185,Brennan_Cox,players/B/Brennan_Cox.html
186,Rory_Lobb,players/R/Rory_Lobb.html
187,Reece_Conca,players/R/Reece_Conca.html
188,Ethan_Hughes,players/E/Ethan_Hughes.html
189,Matthew_Taberner,players/M/Matthew_Taberner.html
190,Mitch_Crowden,players/M/Mitch_Crowden.html
191,Taylin_Duman,players/T/Taylin_Duman.html
192,Sam_Switkowski,players/S/Sam_Switkowski.html
193,Griffin_Logue,players/G/Griffin_Logue.html
194,Heath_Chapman,players/H/Heath_Chapman.html
195,Tobe_Watson,players/T/Tobe_Watson.html
196,Liam_Henry,players/L/Liam_Henry.html
197,Connor_Blakely,players/C/Connor_Blakely.html
198,Michael_Frederick,players/M/Michael_Frederick.html
199,Josh_Treacy,players/J/Josh_Treacy.html
200,Stefan_Giro,players/S/Stefan_Giro.html
201,Hayden_Young,players/H/Hayden_Young.html
202,Lloyd_Meek,players/L/Lloyd_Meek.html
203,Brett_Bewley,players/B/Brett_Bewley.html
204,Alex_Pearce,players/A/Alex_Pearce.html
205,Brandon_Walker,players/B/Brandon_Walker.html
206,Joel_Hamling,players/J/Joel_Hamling.html
207,Sam_Sturt,players/S/Sam_Sturt.html
208,Joel_Western,players/J/Joel_Western.html
209,Cameron_Guthrie,players/C/Cameron_Guthrie.html
210,Tom_Stewart,players/T/Tom_Stewart.html
211,Joel_Selwood,players/J/Joel_Selwood.html
212,Isaac_Smith,players/I/Isaac_Smith.html
213,Zach_Tuohy,players/Z/Zach_Tuohy.html
214,Brandan_Parfitt,players/B/Brandan_Parfitt.html
215,Sam_Menegola,players/S/Sam_Menegola.html
216,Tom_Atkins,players/T/Tom_Atkins.html
217,Mitch_Duncan,players/M/Mitch_Duncan.html
218,Lachie_Henderson,players/L/Lachie_Henderson.html
219,Mark_Blicavs,players/M/Mark_Blicavs.html
220,Shaun_Higgins,players/S/Shaun_Higgins.html
221,Tom_Hawkins,players/T/Tom_Hawkins1.html
222,Jack_Henry,players/J/Jack_Henry1.html
223,Jed_Bews,players/J/Jed_Bews.html
224,Luke_Dahlhaus,players/L/Luke_Dahlhaus.html
225,Brad_Close,players/B/Brad_Close.html
226,Gary_Rohan,players/G/Gary_Rohan.html
227,Quinton_Narkle,players/Q/Quinton_Narkle.html
228,Jake_Kolodjashnij,players/J/Jake_Kolodjashnij.html
229,Rhys_Stanley,players/R/Rhys_Stanley.html
230,Mark_OConnor,players/M/Mark_OConnor.html
231,Jeremy_Cameron,players/J/Jeremy_Cameron.html
232,Patrick_Dangerfield,players/P/Patrick_Dangerfield.html
233,Gryan_Miers,players/G/Gryan_Miers.html
234,Jordan_Clark,players/J/Jordan_Clark.html
235,Zach_Guthrie,players/Z/Zach_Guthrie.html
236,Esava_Ratugolea,players/E/Esava_Ratugolea.html
237,Charlie_Constable,players/C/Charlie_Constable.html
238,Max_Holmes,players/M/Max_Holmes.html
239,Sam_Simpson,players/S/Sam_Simpson.html
240,Sam_De Koning,players/S/Sam_De_Koning.html
241,Francis_Evans,players/F/Francis_Evans.html
242,Josh_Jenkins,players/J/Josh_Jenkins.html
243,Touk_Miller,players/T/Touk_Miller.html
244,Brandon_Ellis,players/B/Brandon_Ellis.html
245,Noah_Anderson,players/N/Noah_Anderson.html
246,David_Swallow,players/D/David_Swallow.html
247,Jack_Lukosius,players/J/Jack_Lukosius.html
248,Jack_Bowes,players/J/Jack_Bowes.html
249,Hugh_Greenwood,players/H/Hugh_Greenwood.html
250,Oleg_Markov,players/O/Oleg_Markov.html
251,Wil_Powell,players/W/Wil_Powell.html
252,Lachie_Weller,players/L/Lachie_Weller.html
253,Sean_Lemmens,players/S/Sean_Lemmens.html
254,Charlie_Ballard,players/C/Charlie_Ballard.html
255,Izak_Rankine,players/I/Izak_Rankine.html
256,Nick_Holman,players/N/Nick_Holman.html
257,Sam_Flanders,players/S/Sam_Flanders.html
258,Sam_Collins,players/S/Sam_Collins.html
259,Ben_Ainsworth,players/B/Ben_Ainsworth.html
260,Ben_King,players/B/Ben_King.html
261,Alex_Sexton,players/A/Alex_Sexton.html
262,Chris_Burgess,players/C/Chris_Burgess.html
263,Darcy_Macpherson,players/D/Darcy_Macpherson.html
264,Jy_Farrar,players/J/Jy_Farrar.html
265,Caleb_Graham,players/C/Caleb_Graham.html
266,Josh_Corbett,players/J/Josh_Corbett.html
267,Matt_Rowell,players/M/Matt_Rowell.html
268,Zac_Smith,players/Z/Zac_Smith.html
269,Will_Brodie,players/W/Will_Brodie.html
270,Jarrod_Witts,players/J/Jarrod_Witts.html
271,Jarrod_Harbrow,players/J/Jarrod_Harbrow.html
272,Sam_Day,players/S/Sam_Day.html
273,Rory_Atkins,players/R/Rory_Atkins.html
274,Connor_Budarick,players/C/Connor_Budarick.html
275,Jeremy_Sharp,players/J/Jeremy_Sharp.html
276,Malcolm_Rosas,players/M/Malcolm_Rosas.html
277,Brayden_Fiorini,players/B/Brayden_Fiorini.html
278,Tim_Taranto,players/T/Tim_Taranto.html
279,Jacob_Hopper,players/J/Jacob_Hopper.html
280,Josh_Kelly,players/J/Josh_Kelly.html
281,Callan_Ward,players/C/Callan_Ward.html
282,Isaac_Cumming,players/I/Isaac_Cumming.html
283,Lachie_Ash,players/L/Lachie_Ash.html
284,Tom_Green,players/T/Tom_Green1.html
285,Toby_Greene,players/T/Toby_Greene.html
286,Lachie_Whitfield,players/L/Lachie_Whitfield.html
287,Nick_Haynes,players/N/Nick_Haynes.html
288,Harry_Himmelberg,players/H/Harry_Himmelberg.html
289,Harry_Perryman,players/H/Harry_Perryman.html
290,Connor_Idun,players/C/Connor_Idun.html
291,Jack_Buckley,players/J/Jack_Buckley1.html
292,Sam_Taylor,players/S/Sam_Taylor.html
293,Bobby_Hill,players/B/Bobby_Hill.html
294,Matt_Flynn,players/M/Matt_Flynn.html
295,Jeremy_Finlayson,players/J/Jeremy_Finlayson.html
296,Xavier_OHalloran,players/X/Xavier_OHalloran.html
297,Daniel_Lloyd,players/D/Daniel_Lloyd.html
298,Brent_Daniels,players/B/Brent_Daniels.html
299,Matt_de Boer,players/M/Matt_de_Boer.html
300,Lachlan_Keeffe,players/L/Lachlan_Keeffe.html
301,Shane_Mumford,players/S/Shane_Mumford.html
302,Sam_Reid,players/S/Sam_Reid1.html
303,Matt_Buntine,players/M/Matt_Buntine.html
304,Jake_Riccardi,players/J/Jake_Riccardi.html
305,Stephen_Coniglio,players/S/Stephen_Coniglio.html
306,Phil_Davis,players/P/Phil_Davis.html
307,Adam_Kennedy,players/A/Adam_Kennedy.html
308,Zach_Sproule,players/Z/Zach_Sproule.html
309,Tanner_Bruhn,players/T/Tanner_Bruhn.html
310,Jesse_Hogan,players/J/Jesse_Hogan.html
311,Kieren_Briggs,players/K/Kieren_Briggs.html
312,Conor_Stone,players/C/Conor_Stone.html
313,Nick_Shipley,players/N/Nick_Shipley.html
314,Jake_Stein,players/J/Jake_Stein.html
315,Callum_Brown,players/C/Callum_Brown1.html
316,Tom_Mitchell,players/T/Tom_Mitchell.html
317,Blake_Hardwick,players/B/Blake_Hardwick.html
318,Jaeger_OMeara,players/J/Jaeger_OMeara.html
319,Changkuoth_Jiath,players/C/Changkuoth_Jiath.html
320,Jarman_Impey,players/J/Jarman_Impey.html
321,Liam_Shiels,players/L/Liam_Shiels.html
322,Jack_Scrimshaw,players/J/Jack_Scrimshaw.html
323,James_Worpel,players/J/James_Worpel.html
324,Tom_Phillips,players/T/Tom_Phillips.html
325,Daniel_Howe,players/D/Daniel_Howe.html
326,Chad_Wingard,players/C/Chad_Wingard.html
327,Sam_Frost,players/S/Sam_Frost.html
328,Dylan_Moore,players/D/Dylan_Moore.html
329,Harry_Morrison,players/H/Harry_Morrison.html
330,Ben_McEvoy,players/B/Ben_McEvoy.html
331,Luke_Breust,players/L/Luke_Breust.html
332,James_Cousins,players/J/James_Cousins.html
333,Kyle_Hartigan,players/K/Kyle_Hartigan.html
334,Tim_OBrien,players/T/Tim_OBrien.html
335,Shaun_Burgoyne,players/S/Shaun_Burgoyne.html
336,Jacob_Koschitzke,players/J/Jacob_Koschitzke.html
337,Will_Day,players/W/Will_Day.html
338,Oliver_Hanrahan,players/O/Oliver_Hanrahan.html
339,Jonathon_Ceglar,players/J/Jonathon_Ceglar.html
340,Mitch_Lewis,players/M/Mitch_Lewis.html
341,Michael_Hartley,players/M/Michael_Hartley.html
342,Tyler_Brockman,players/T/Tyler_Brockman.html
343,Jai_Newcombe,players/J/Jai_Newcombe.html
344,Lachlan_Bramble,players/L/Lachlan_Bramble.html
345,Damon_Greaves,players/D/Damon_Greaves.html
346,Ned_Reeves,players/N/Ned_Reeves.html
347,Finn_Maginness,players/F/Finn_Maginness.html
348,Emerson_Jeka,players/E/Emerson_Jeka.html
349,Denver_Grainger-Barras,players/D/Denver_Grainger-Barras.html
350,Jack_Gunston,players/J/Jack_Gunston.html
351,Josh_Morris,players/J/Josh_Morris.html
352,Conor_Nash,players/C/Conor_Nash.html
353,Connor_Downie,players/C/Connor_Downie.html
354,Clayton_Oliver,players/C/Clayton_Oliver.html
355,Christian_Petracca,players/C/Christian_Petracca.html
356,Christian_Salem,players/C/Christian_Salem.html
357,Ed_Langdon,players/E/Ed_Langdon.html
358,Angus_Brayshaw,players/A/Angus_Brayshaw.html
359,Max_Gawn,players/M/Max_Gawn.html
360,James_Jordon,players/J/James_Jordon.html
361,Steven_May,players/S/Steven_May.html
362,Trent_Rivers,players/T/Trent_Rivers.html
363,Jake_Lever,players/J/Jake_Lever.html
364,Tom_McDonald,players/T/Tom_McDonald.html
365,Alex_Neal-Bullen,players/A/Alex_Neal-Bullen.html
366,Jayden_Hunt,players/J/Jayden_Hunt.html
367,James_Harmes,players/J/James_Harmes.html
368,Kysaiah_Pickett,players/K/Kysaiah_Pickett.html
369,Luke_Jackson,players/L/Luke_Jackson.html
370,Charlie_Spargo,players/C/Charlie_Spargo.html
371,Michael_Hibberd,players/M/Michael_Hibberd.html
372,Bayley_Fritsch,players/B/Bayley_Fritsch.html
373,Jack_Viney,players/J/Jack_Viney.html
374,Nathan_Jones,players/N/Nathan_Jones.html
375,Jake_Melksham,players/J/Jake_Melksham.html
376,Adam_Tomlinson,players/A/Adam_Tomlinson.html
377,Tom_Sparrow,players/T/Tom_Sparrow.html
378,Harry_Petty,players/H/Harry_Petty.html
379,Neville_Jetta,players/N/Neville_Jetta.html
380,Sam_Weideman,players/S/Sam_Weideman.html
381,Ben_Brown,players/B/Ben_Brown.html
382,Oskar_Baker,players/O/Oskar_Baker.html
383,Mitch_Brown,players/M/Mitch_Brown1.html
384,Kade_Chandler,players/K/Kade_Chandler.html
385,Jack_Ziebell,players/J/Jack_Ziebell.html
386,Jy_Simpkin,players/J/Jy_Simpkin.html
387,Ben_Cunnington,players/B/Ben_Cunnington.html
388,Aaron_Hall,players/A/Aaron_Hall.html
389,Shaun_Atley,players/S/Shaun_Atley.html
390,Luke_Davies-Uniacke,players/L/Luke_Davies-Uniacke.html
391,Tarryn_Thomas,players/T/Tarryn_Thomas.html
392,Tom_Powell,players/T/Tom_Powell.html
393,Jaidyn_Stephenson,players/J/Jaidyn_Stephenson.html
394,Todd_Goldstein,players/T/Todd_Goldstein.html
395,Kayne_Turner,players/K/Kayne_Turner.html
396,Lachie_Young,players/L/Lachie_Young.html
397,Jack_Mahony,players/J/Jack_Mahony.html
398,Josh_Walker,players/J/Josh_Walker.html
399,Cameron_Zurhaar,players/C/Cameron_Zurhaar.html
400,Ben_McKay,players/B/Ben_McKay.html
401,Nick_Larkey,players/N/Nick_Larkey.html
402,Curtis_Taylor,players/C/Curtis_Taylor.html
403,Trent_Dumont,players/T/Trent_Dumont.html
404,Bailey_Scott,players/B/Bailey_Scott.html
405,Connor_Menadue,players/C/Connor_Menadue.html
406,Tom_Campbell,players/T/Tom_Campbell1.html
407,Aiden_Bonar,players/A/Aiden_Bonar.html
408,Charlie_Lazzaro,players/C/Charlie_Lazzaro.html
409,Will_Phillips,players/W/Will_Phillips.html
410,Taylor_Garner,players/T/Taylor_Garner.html
411,Jared_Polec,players/J/Jared_Polec.html
412,Atu_Bosenavulagi,players/A/Atu_Bosenavulagi.html
413,Luke_McDonald,players/L/Luke_McDonald.html
414,Jed_Anderson,players/J/Jed_Anderson.html
415,Robbie_Tarrant,players/R/Robbie_Tarrant.html
416,Aidan_Corr,players/A/Aidan_Corr.html
417,Dom_Tyson,players/D/Dom_Tyson.html
418,Tristan_Xerri,players/T/Tristan_Xerri.html
419,Kyron_Hayden,players/K/Kyron_Hayden.html
420,Ollie_Wines,players/O/Ollie_Wines.html
421,Travis_Boak,players/T/Travis_Boak.html
422,Karl_Amon,players/K/Karl_Amon.html
423,Dan_Houston,players/D/Dan_Houston.html
424,Darcy_Byrne-Jones,players/D/Darcy_Byrne-Jones.html
425,Willem_Drew,players/W/Willem_Drew.html
426,Ryan_Burton,players/R/Ryan_Burton.html
427,Robbie_Gray,players/R/Robbie_Gray.html
428,Steven_Motlop,players/S/Steven_Motlop.html
429,Aliir_Aliir,players/A/Aliir_Aliir.html
430,Tom_Jonas,players/T/Tom_Jonas.html
431,Connor_Rozee,players/C/Connor_Rozee.html
432,Charlie_Dixon,players/C/Charlie_Dixon.html
433,Miles_Bergman,players/M/Miles_Bergman.html
434,Scott_Lycett,players/S/Scott_Lycett.html
435,Hamish_Hartlett,players/H/Hamish_Hartlett.html
436,Mitch_Georgiades,players/M/Mitch_Georgiades.html
437,Peter_Ladhams,players/P/Peter_Ladhams.html
438,Sam_Powell-Pepper,players/S/Sam_Powell-Pepper.html
439,Orazio_Fantasia,players/O/Orazio_Fantasia.html
440,Kane_Farrell,players/K/Kane_Farrell.html
441,Tom_Clurey,players/T/Tom_Clurey.html
442,Todd_Marshall,players/T/Todd_Marshall.html
443,Zak_Butters,players/Z/Zak_Butters.html
444,Lachie_Jones,players/L/Lachie_Jones.html
445,Riley_Bonner,players/R/Riley_Bonner.html
446,Xavier_Duursma,players/X/Xavier_Duursma.html
447,Trent_McKenzie,players/T/Trent_McKenzie.html
448,Martin_Frederick,players/M/Martin_Frederick.html
449,Boyd_Woodcock,players/B/Boyd_Woodcock.html
450,Jarrod_Lienert,players/J/Jarrod_Lienert.html
451,Sam_Mayes,players/S/Sam_Mayes.html
452,Tom_Rockliff,players/T/Tom_Rockliff.html
453,Dylan_Williams,players/D/Dylan_Williams.html
454,Jayden_Short,players/J/Jayden_Short.html
455,Dustin_Martin,players/D/Dustin_Martin.html
456,Liam_Baker,players/L/Liam_Baker.html
457,Jack_Graham,players/J/Jack_Graham.html
458,Shai_Bolton,players/S/Shai_Bolton.html
459,Bachar_Houli,players/B/Bachar_Houli.html
460,Nathan_Broad,players/N/Nathan_Broad.html
461,Shane_Edwards,players/S/Shane_Edwards.html
462,Marlion_Pickett,players/M/Marlion_Pickett.html
463,Kamdyn_McIntosh,players/K/Kamdyn_McIntosh.html
464,Trent_Cotchin,players/T/Trent_Cotchin.html
465,Toby_Nankervis,players/T/Toby_Nankervis.html
466,Noah_Balta,players/N/Noah_Balta.html
467,Kane_Lambert,players/K/Kane_Lambert.html
468,Jason_Castagna,players/J/Jason_Castagna.html
469,Jake_Aarts,players/J/Jake_Aarts.html
470,Dylan_Grimes,players/D/Dylan_Grimes.html
471,Jack_Riewoldt,players/J/Jack_Riewoldt.html
472,David_Astbury,players/D/David_Astbury.html
473,Nick_Vlastuin,players/N/Nick_Vlastuin.html
474,Dion_Prestia,players/D/Dion_Prestia.html
475,Josh_Caddy,players/J/Josh_Caddy.html
476,Daniel_Rioli,players/D/Daniel_Rioli.html
477,Tom_Lynch,players/T/Tom_Lynch1.html
478,Riley_Collier-Dawkins,players/R/Riley_Collier-Dawkins.html
479,Jack_Ross,players/J/Jack_Ross.html
480,Rhyan_Mansell,players/R/Rhyan_Mansell.html
481,Callum_Coleman-Jones,players/C/Callum_Coleman-Jones.html
482,Mabior_Chol,players/M/Mabior_Chol.html
483,Patrick_Naish,players/P/Patrick_Naish.html
484,Hugo_Ralphsmith,players/H/Hugo_Ralphsmith.html
485,Will_Martyn,players/W/Will_Martyn.html
486,Derek_Eggmolesse-Smith,players/D/Derek_Eggmolesse-Smith.html
487,Samson_Ryan,players/S/Samson_Ryan.html
488,Jack_Steele,players/J/Jack_Steele.html
489,Brad_Crouch,players/B/Brad_Crouch.html
490,Jack_Sinclair,players/J/Jack_Sinclair.html
491,Jack_Billings,players/J/Jack_Billings.html
492,Sebastian_Ross,players/S/Sebastian_Ross.html
493,Bradley_Hill,players/B/Bradley_Hill.html
494,Hunter_Clark,players/H/Hunter_Clark.html
495,Dougal_Howard,players/D/Dougal_Howard.html
496,Callum_Wilkie,players/C/Callum_Wilkie.html
497,Jack_Higgins,players/J/Jack_Higgins.html
498,Tim_Membrey,players/T/Tim_Membrey.html
499,Josh_Battle,players/J/Josh_Battle.html
500,Jimmy_Webster,players/J/Jimmy_Webster.html
501,Nick_Coffield,players/N/Nick_Coffield.html
502,Dan_Butler,players/D/Dan_Butler.html
503,Zak_Jones,players/Z/Zak_Jones.html
504,Ryan_Byrnes,players/R/Ryan_Byrnes.html
505,Luke_Dunstan,players/L/Luke_Dunstan.html
506,Max_King,players/M/Max_King.html
507,Jack_Bytel,players/J/Jack_Bytel.html
508,Jack_Lonie,players/J/Jack_Lonie.html
509,Tom_Highmore,players/T/Tom_Highmore.html
510,Paddy_Ryder,players/P/Paddy_Ryder.html
511,Daniel_McKenzie,players/D/Daniel_McKenzie.html
512,Ben_Long,players/B/Ben_Long.html
513,Rowan_Marshall,players/R/Rowan_Marshall.html
514,Mason_Wood,players/M/Mason_Wood.html
515,Jade_Gresham,players/J/Jade_Gresham.html
516,Jarryn_Geary,players/J/Jarryn_Geary.html
517,Jake_Carlisle,players/J/Jake_Carlisle.html
518,Shaun_McKernan,players/S/Shaun_McKernan.html
519,Paul_Hunter,players/P/Paul_Hunter.html
520,Darragh_Joyce,players/D/Darragh_Joyce.html
521,James_Frawley,players/J/James_Frawley.html
522,Oscar_Clavarino,players/O/Oscar_Clavarino.html
523,Leo_Connolly,players/L/Leo_Connolly.html
524,Luke_Parker,players/L/Luke_Parker.html
525,Jake_Lloyd,players/J/Jake_Lloyd.html
526,Callum_Mills,players/C/Callum_Mills.html
527,Josh_Kennedy,players/J/Josh_Kennedy1.html
528,Jordan_Dawson,players/J/Jordan_Dawson.html
529,Oliver_Florent,players/O/Oliver_Florent.html
530,Harry_Cunningham,players/H/Harry_Cunningham.html
531,Chad_Warner,players/C/Chad_Warner.html
532,Dane_Rampe,players/D/Dane_Rampe.html
533,Justin_McInerney,players/J/Justin_McInerney.html
534,Tom_Hickey,players/T/Tom_Hickey1.html
535,Tom_Papley,players/T/Tom_Papley.html
536,James_Rowbottom,players/J/James_Rowbottom.html
537,George_Hewett,players/G/George_Hewett.html
538,Tom_McCartin,players/T/Tom_McCartin.html
539,Isaac_Heeney,players/I/Isaac_Heeney.html
540,Sam_Wicks,players/S/Sam_Wicks.html
541,Errol_Gulden,players/E/Errol_Gulden.html
542,Lance_Franklin,players/L/Lance_Franklin.html
543,Will_Hayward,players/W/Will_Hayward.html
544,Braeden_Campbell,players/B/Braeden_Campbell.html
545,Nick_Blakey,players/N/Nick_Blakey.html
546,Hayden_McLean,players/H/Hayden_McLean.html
547,Robbie_Fox,players/R/Robbie_Fox.html
548,Sam_Reid,players/S/Sam_Reid2.html
549,Logan_McDonald,players/L/Logan_McDonald.html
550,Callum_Sinclair,players/C/Callum_Sinclair.html
551,Dylan_Stephens,players/D/Dylan_Stephens.html
552,Kaiden_Brand,players/K/Kaiden_Brand.html
553,Lewis_Melican,players/L/Lewis_Melican.html
554,Joel_Amartey,players/J/Joel_Amartey.html
555,James_Bell,players/J/James_Bell.html
556,Colin_ORiordan,players/C/Colin_ORiordan.html
557,Ryan_Clarke,players/R/Ryan_Clarke.html
558,Lewis_Taylor,players/L/Lewis_Taylor.html
559,Matt_Ling,players/M/Matt_Ling.html
560,Andrew_Gaff,players/A/Andrew_Gaff.html
561,Dom_Sheed,players/D/Dom_Sheed.html
562,Jack_Redden,players/J/Jack_Redden.html
563,Tim_Kelly,players/T/Tim_Kelly.html
564,Josh_Rotham,players/J/Josh_Rotham.html
565,Brad_Sheppard,players/B/Brad_Sheppard.html
566,Nic_Naitanui,players/N/Nic_Naitanui.html
567,Shannon_Hurn,players/S/Shannon_Hurn.html
568,Tom_Cole,players/T/Tom_Cole.html
569,Jamie_Cripps,players/J/Jamie_Cripps.html
570,Jackson_Nelson,players/J/Jackson_Nelson.html
571,Jack_Darling,players/J/Jack_Darling.html
572,Tom_Barrass,players/T/Tom_Barrass.html
573,Liam_Duggan,players/L/Liam_Duggan.html
574,Jarrod_Brander,players/J/Jarrod_Brander.html
575,Oscar_Allen,players/O/Oscar_Allen.html
576,Jeremy_McGovern,players/J/Jeremy_McGovern.html
577,Jake_Waterman,players/J/Jake_Waterman.html
578,Josh_Kennedy,players/J/Josh_Kennedy0.html
579,Alex_Witherden,players/A/Alex_Witherden.html
580,Jack_Petruccelle,players/J/Jack_Petruccelle.html
581,Zac_Langdon,players/Z/Zac_Langdon.html
582,Liam_Ryan,players/L/Liam_Ryan.html
583,Jamaine_Jones,players/J/Jamaine_Jones.html
584,Elliot_Yeo,players/E/Elliot_Yeo.html
585,Xavier_ONeill,players/X/Xavier_ONeill.html
586,Brendon_Ah Chee,players/B/Brendon_Ah_Chee.html
587,Harry_Edwards,players/H/Harry_Edwards.html
588,Luke_Shuey,players/L/Luke_Shuey.html
589,Luke_Edwards,players/L/Luke_Edwards.html
590,Luke_Foley,players/L/Luke_Foley.html
591,Bailey_Williams,players/B/Bailey_Williams1.html
592,Nathan_Vardy,players/N/Nathan_Vardy.html
593,Isiah_Winder,players/I/Isiah_Winder.html
594,Brayden_Ainsworth,players/B/Brayden_Ainsworth.html
595,Jack_Macrae,players/J/Jack_Macrae.html
596,Marcus_Bontempelli,players/M/Marcus_Bontempelli.html
597,Tom_Liberatore,players/T/Tom_Liberatore.html
598,Bailey_Dale,players/B/Bailey_Dale.html
599,Bailey_Smith,players/B/Bailey_Smith.html
600,Caleb_Daniel,players/C/Caleb_Daniel.html
601,Lachie_Hunter,players/L/Lachie_Hunter.html
602,Taylor_Duryea,players/T/Taylor_Duryea.html
603,Adam_Treloar,players/A/Adam_Treloar.html
604,Alex_Keath,players/A/Alex_Keath.html
605,Bailey_Williams,players/B/Bailey_Williams0.html
606,Aaron_Naughton,players/A/Aaron_Naughton.html
607,Josh_Dunkley,players/J/Josh_Dunkley.html
608,Josh_Bruce,players/J/Josh_Bruce.html
609,Hayden_Crozier,players/H/Hayden_Crozier.html
610,Patrick_Lipinski,players/P/Patrick_Lipinski.html
611,Anthony_Scott,players/A/Anthony_Scott.html
612,Jason_Johannisen,players/J/Jason_Johannisen.html
613,Tim_English,players/T/Tim_English.html
614,Lachlan_McNeil,players/L/Lachlan_McNeil.html
615,Zaine_Cordy,players/Z/Zaine_Cordy.html
616,Easton_Wood,players/E/Easton_Wood.html
617,Cody_Weightman,players/C/Cody_Weightman.html
618,Stefan_Martin,players/S/Stefan_Martin.html
619,Mitch_Hannan,players/M/Mitch_Hannan.html
620,Roarke_Smith,players/R/Roarke_Smith.html
621,Laitham_Vandermeer,players/L/Laitham_Vandermeer.html
622,Jordon_Sweet,players/J/Jordon_Sweet.html
623,Mitch_Wallis,players/M/Mitch_Wallis.html
624,Ryan_Gardner,players/R/Ryan_Gardner.html
625,Toby_McLean,players/T/Toby_McLean.html
626,Lewis_Young,players/L/Lewis_Young.html
627,Ed_Richards,players/E/Ed_Richards.html
628,Riley_Garcia,players/R/Riley_Garcia.html
629,Buku_Khamis,players/B/Buku_Khamis.html
630,Louis_Butler,players/L/Louis_Butler.html
631,Rhylee_West,players/R/Rhylee_West.html
632,Josh_Schache,players/J/Josh_Schache.html
633,Lin_Jong,players/L/Lin_Jong.html
634,Ben_Cavarra,players/B/Ben_Cavarra.html
